{"0": "Peach___Bacterial_spot", "1": "Tomato___healthy", "2": "Squash___Powdery_mildew", "3": "Raspberry___healthy", "4": "Apple___healthy", "5": "Tomato___Leaf_Mold", "6": "Strawberry___healthy", "7": "Tomato___Tomato_mosaic_virus", "8": "Tomato___Late_blight", "9": "Blueberry___healthy", "10": "Strawberry___Leaf_scorch", "11": "Grape___Leaf_blight_(Isariopsis_Leaf_Spot)", "12": "Cherry_(including_sour)___Powdery_mildew", "13": "Pepper,_bell___healthy", "14": "Tomato___Target_Spot", "15": "Tomato___Tomato_Yellow_Leaf_Curl_Virus", "16": "Corn_(maize)___Common_rust_", "17": "Corn_(maize)___healthy", "18": "Pepper,_bell___Bacterial_spot", "19": "Tomato___Bacterial_spot", "20": "Tomato___Spider_mites Two-spotted_spider_mite", "21": "Potato___Late_blight", "22": "Soybean___healthy", "23": "Corn_(maize)___Northern_Leaf_Blight", "24": "Grape___Black_rot", "25": "Grape___healthy", "26": "Potato___healthy", "27": "Potato___Early_blight", "28": "Grape___Esca_(Black_Measles)", "29": "Tomato___Early_blight", "30": "Apple___Black_rot", "31": "Orange___Haunglongbing_(Citrus_greening)", "32": "Peach___healthy", "33": "Apple___Cedar_apple_rust", "34": "Cherry_(including_sour)___healthy", "35": "Tomato___Septoria_leaf_spot", "36": "Corn_(maize)___Cercospora_leaf_spot Gray_leaf_spot", "37": "Apple___Apple_scab"}